8792ee48-e7a4-417a-85a9-65446b55961d,БСК Учащегося с фото,250.00,f,1,
8e7e9d10-aeb9-4507-a5a8-a9804dc9db21,БСК Курс,80.00,t,1,45
7e77c80e-ae0b-472f-b7ab-2d0b9f99f9c3,БСК Льготная,60.00,f,2,
a1bff5c9-8fe8-4902-8456-6364a5ed4974,БСК Льготная с фото,135.00,f,2,
5401ab50-bf8e-4d8b-84ac-bb1a60e765ae,БСК Льготная Ленинградской области,0.00,f,1,
b56055e3-86e1-4051-8710-0a26834a4c14,БСК Инвалида,80.00,t,2,180
4e184383-06e2-45cf-95db-19aefaee7bfe,БСК Инвалида с фото,135.00,f,1,
190f87fb-2f95-4bda-9eca-d1bbb1387b7e,БСК Сопровождающего,80.00,t,2,45
1124882f-2b5e-4919-9301-4796beae903e,БЭПК Подорожник Пластиковая карта,60.00,t,3,45
5478c6b1-cd87-4e64-b047-00ab900c4924,БЭПК Подорожник Пластиковая карта со стереоэффектом,70.00,t,3,45
84458913-4bc7-47b9-9dc5-16cdcae3750d,БЭПК Подорожник Брелок,100.00,t,3,45
9c5e064b-f7f4-4df6-a34a-4c50cc2c608f,БЭПК Подорожник-Тройка/Тройка-Подорожник,60.00,t,3,45
cb43c88d-e4d5-47ec-816f-82fb92f1f783,"БСК Универсальная Сбербанка ""Про100""",0.00,f,4,
7994e839-3a5c-45cd-8c9d-c033e1783bb9,БСК Газпромбанк,0.00,f,4,
90538f4a-4e03-496a-901b-740de53c2b45,ПБ Почетный гражданин,0.00,f,3,
5f1b9712-c53a-4b43-bb01-8748acb7101b,Единая карта петербуржца,0.00,f,4,
